block_item_id,block_id,item_id,position,is_active
bi0001,b001,v0001,1,True
bi0002,b001,v0002,2,True
bi0003,b001,v0003,3,True
bi0004,b001,v0004,4,True
bi0005,b001,v0005,5,True
bi0006,b001,v0006,6,True
bi0007,b001,v0007,7,True
bi0008,b001,v0008,8,True
bi0009,b001,v0009,9,True
bi0010,b001,v0010,10,True
bi0011,b001,v0011,11,True
bi0012,b001,v0012,12,True
bi0013,b001,v0013,13,True
bi0014,b001,v0014,14,True
bi0015,b001,v0015,15,True
bi0016,b001,v0016,16,True
bi0017,b001,v0017,17,True
bi0018,b001,v0018,18,True
bi0019,b001,v0019,19,True
bi0020,b001,v0020,20,True
bi0021,b001,v0021,21,True
bi0022,b001,v0022,22,True
bi0023,b001,v0023,23,True
bi0024,b001,v0024,24,True
bi0025,b001,v0025,25,True
bi0026,b002,v0026,1,True
bi0027,b002,v0027,2,True
bi0028,b002,v0028,3,True
bi0029,b002,v0029,4,True
bi0030,b002,v0030,5,True
bi0031,b002,v0031,6,True
bi0032,b002,v0032,7,True
bi0033,b002,v0033,8,True
bi0034,b002,v0034,9,True
bi0035,b002,v0035,10,True
bi0036,b002,v0036,11,True
bi0037,b002,v0037,12,True
bi0038,b002,v0038,13,True
bi0039,b002,v0039,14,True
bi0040,b002,v0040,15,True
bi0041,b002,v0041,16,True
bi0042,b002,v0042,17,True
bi0043,b002,v0043,18,True
bi0044,b002,v0044,19,True
bi0045,b002,v0045,20,True
bi0046,b002,v0046,21,True
bi0047,b002,v0047,22,True
bi0048,b003,v0048,1,True
bi0049,b003,v0049,2,True
bi0050,b003,v0050,3,True
bi0051,b003,v0051,4,True
bi0052,b003,v0052,5,True
bi0053,b003,v0053,6,True
bi0054,b003,v0054,7,True
bi0055,b003,v0055,8,True
bi0056,b003,v0056,9,True
bi0057,b003,v0036,10,True
bi0058,b003,v0057,11,True
bi0059,b003,v0058,12,True
bi0060,b003,v0059,13,True
bi0061,b003,v0060,14,True
bi0062,b003,v0061,15,True
bi0063,b003,v0062,16,True
bi0064,b003,v0063,17,True
bi0065,b003,v0064,18,True
bi0066,b003,v0065,19,True
bi0067,b003,v0066,20,True
bi0068,b003,v0067,21,True
bi0069,b003,v0068,22,True
bi0070,b003,v0069,23,True
bi0071,b003,v0070,24,True
bi0072,b003,v0071,25,True
bi0073,b003,v0072,26,True
bi0074,b003,v0073,27,True
bi0075,b003,v0074,28,True
bi0076,b003,v0075,29,True
bi0077,b003,v0076,30,True
bi0078,b003,v0077,31,True
bi0079,b003,v0078,32,True
bi0080,b003,v0079,33,True
bi0081,b003,v0080,34,True
bi0082,b003,v0081,35,True
bi0083,b003,v0082,36,True
bi0084,b003,v0083,37,True
bi0085,b003,v0084,38,True
bi0086,b003,v0085,39,True
bi0087,b003,v0086,40,True
bi0088,b003,v0044,41,True
bi0089,b003,v0087,42,True
bi0090,b004,v0088,1,True
bi0091,b004,v0089,2,True
bi0092,b004,v0090,3,True
bi0093,b004,v0091,4,True
bi0094,b004,v0092,5,True
bi0095,b004,v0093,6,True
bi0096,b004,v0094,7,True
bi0097,b004,v0095,8,True
bi0098,b004,v0096,9,True
bi0099,b004,v0097,10,True
bi0100,b004,v0098,11,True
bi0101,b004,v0099,12,True
bi0102,b004,v0100,13,True
bi0103,b004,v0101,14,True
bi0104,b004,v0102,15,True
bi0105,b004,v0103,16,True
bi0106,b004,v0104,17,True
bi0107,b004,v0105,18,True
bi0108,b004,v0106,19,True
bi0109,b004,v0107,20,True
bi0110,b004,v0108,21,True
bi0111,b004,v0109,22,True
bi0112,b004,v0110,23,True
bi0113,b004,v0111,24,True
bi0114,b004,v0112,25,True
bi0115,b004,v0113,26,True
bi0116,b004,v0114,27,True
bi0117,b004,v0115,28,True
bi0118,b004,v0116,29,True
bi0119,b004,v0117,30,True
bi0120,b004,v0118,31,True
bi0121,b004,v0119,32,True
bi0122,b004,v0120,33,True
bi0123,b004,v0121,34,True
bi0124,b004,v0122,35,True
bi0125,b004,v0123,36,True
bi0126,b004,v0124,37,True
bi0127,b004,v0125,38,True
bi0128,b004,v0126,39,True
bi0129,b004,v0127,40,True
bi0130,b005,v0128,1,True
bi0131,b005,v0129,2,True
bi0132,b005,v0130,3,True
bi0133,b005,v0131,4,True
bi0134,b005,v0132,5,True
bi0135,b005,v0133,6,True
bi0136,b005,v0134,7,True
bi0137,b005,v0135,8,True
bi0138,b005,v0136,9,True
bi0139,b005,v0137,10,True
bi0140,b005,v0138,11,True
bi0141,b005,v0139,12,True
bi0142,b005,v0140,13,True
bi0143,b005,v0141,14,True
bi0144,b005,v0142,15,True
bi0145,b005,v0143,16,True
bi0146,b005,v0144,17,True
bi0147,b005,v0045,18,True
bi0148,b005,v0145,19,True
bi0149,b005,v0146,20,True
bi0150,b005,v0147,21,True
bi0151,b005,v0148,22,True
bi0152,b005,v0149,23,True
bi0153,b005,v0150,24,True
bi0154,b005,v0151,25,True
bi0155,b005,v0152,26,True
bi0156,b005,v0153,27,True
bi0157,b005,v0017,28,True
bi0158,b005,v0154,29,True
bi0159,b005,v0155,30,True
bi0160,b005,v0156,31,True
bi0161,b005,v0157,32,True
bi0162,b005,v0158,33,True
bi0163,b005,v0159,34,True
bi0164,b005,v0160,35,True
bi0165,b005,v0161,36,True
bi0166,b005,v0162,37,True
bi0167,b005,v0163,38,True
bi0168,b005,v0164,39,True
bi0169,b005,v0165,40,True
bi0170,b005,v0166,41,True
bi0171,b005,v0167,42,True
bi0172,b005,v0168,43,True
bi0173,b005,v0169,44,True
bi0174,b005,v0170,45,True
bi0175,b005,v0171,46,True
bi0176,b005,v0172,47,True
bi0177,b005,v0173,48,True
bi0178,b005,v0174,49,True
bi0179,b005,v0175,50,True
bi0180,b005,v0176,51,True
bi0181,b005,v0177,52,True
bi0182,b005,v0178,53,True
bi0183,b005,v0179,54,True
bi0184,b005,v0180,55,True
bi0185,b005,v0181,56,True
bi0186,b005,v0182,57,True
bi0187,b005,v0183,58,True
bi0188,b005,v0184,59,True
bi0189,b005,v0185,60,True
bi0190,b005,v0186,61,True
bi0191,b005,v0187,62,True
bi0192,b005,v0188,63,True
bi0193,b005,v0189,64,True
bi0194,b006,v0190,1,True
bi0195,b006,v0191,2,True
bi0196,b006,v0192,3,True
bi0197,b006,v0193,4,True
bi0198,b006,v0194,5,True
bi0199,b006,v0195,6,True
bi0200,b006,v0196,7,True
bi0201,b006,v0197,8,True
bi0202,b006,v0198,9,True
bi0203,b006,v0199,10,True
bi0204,b006,v0200,11,True
bi0205,b006,v0201,12,True
bi0206,b006,v0202,13,True
bi0207,b006,v0203,14,True
bi0208,b006,v0204,15,True
bi0209,b006,v0205,16,True
bi0210,b006,v0206,17,True
bi0211,b006,v0207,18,True
bi0212,b006,v0208,19,True
bi0213,b006,v0209,20,True
bi0214,b006,v0210,21,True
bi0215,b006,v0211,22,True
bi0216,b006,v0212,23,True
bi0217,b006,v0213,24,True
bi0218,b006,v0214,25,True
bi0219,b006,v0065,26,True
bi0220,b006,v0215,27,True
bi0221,b006,v0216,28,True
bi0222,b006,v0217,29,True
bi0223,b006,v0218,30,True
bi0224,b006,v0219,31,True
bi0225,b006,v0220,32,True
bi0226,b006,v0221,33,True
bi0227,b006,v0222,34,True
bi0228,b006,v0223,35,True
bi0229,b006,v0224,36,True
bi0230,b006,v0225,37,True
bi0231,b006,v0226,38,True
bi0232,b006,v0227,39,True
bi0233,b007,v0228,1,True
bi0234,b007,v0229,2,True
bi0235,b007,v0230,3,True
bi0236,b007,v0231,4,True
bi0237,b007,v0232,5,True
bi0238,b007,v0233,6,True
bi0239,b007,v0234,7,True
bi0240,b007,v0235,8,True
bi0241,b007,v0236,9,True
bi0242,b007,v0237,10,True
bi0243,b007,v0238,11,True
bi0244,b007,v0239,12,True
bi0245,b007,v0240,13,True
bi0246,b007,v0241,14,True
bi0247,b007,v0242,15,True
bi0248,b007,v0243,16,True
bi0249,b007,v0244,17,True
bi0250,b007,v0245,18,True
bi0251,b007,v0246,19,True
bi0252,b007,v0247,20,True
bi0253,b007,v0248,21,True
bi0254,b008,v0249,1,True
bi0255,b008,v0250,2,True
bi0256,b008,v0251,3,True
bi0257,b008,v0252,4,True
bi0258,b008,v0253,5,True
bi0259,b008,v0254,6,True
bi0260,b008,v0255,7,True
bi0261,b008,v0256,8,True
bi0262,b008,v0257,9,True
bi0263,b008,v0258,10,True
bi0264,b008,v0259,11,True
bi0265,b008,v0260,12,True
bi0266,b008,v0261,13,True
bi0267,b008,v0262,14,True
bi0268,b008,v0263,15,True
bi0269,b008,v0264,16,True
bi0270,b008,v0265,17,True
bi0271,b008,v0266,18,True
bi0272,b008,v0267,19,True
bi0273,b008,v0268,20,True
bi0274,b008,v0269,21,True
bi0275,b008,v0270,22,True
bi0276,b008,v0271,23,True
bi0277,b008,v0272,24,True
bi0278,b008,v0273,25,True
bi0279,b008,v0274,26,True
bi0280,b008,v0275,27,True
bi0281,b008,v0276,28,True
bi0282,b008,v0277,29,True
bi0283,b008,v0278,30,True
bi0284,b008,v0279,31,True
bi0285,b008,v0280,32,True
bi0286,b008,v0281,33,True
bi0287,b008,v0282,34,True
bi0288,b008,v0283,35,True
bi0289,b008,v0284,36,True
bi0290,b008,v0285,37,True
bi0291,b008,v0286,38,True
bi0292,b009,v0287,1,True
bi0293,b009,v0288,2,True
bi0294,b009,v0289,3,True
bi0295,b009,v0290,4,True
bi0296,b009,v0159,5,True
bi0297,b009,v0291,6,True
bi0298,b009,v0292,7,True
bi0299,b009,v0293,8,True
bi0300,b009,v0294,9,True
bi0301,b009,v0295,10,True
bi0302,b009,v0296,11,True
bi0303,b009,v0297,12,True
bi0304,b009,v0298,13,True
bi0305,b009,v0299,14,True
bi0306,b009,v0300,15,True
bi0307,b009,v0301,16,True
bi0308,b009,v0302,17,True
bi0309,b009,v0303,18,True
bi0310,b009,v0304,19,True
bi0311,b009,v0305,20,True
bi0312,b009,v0306,21,True
bi0313,b009,v0307,22,True
bi0314,b009,v0308,23,True
bi0315,b009,v0309,24,True
bi0316,b009,v0310,25,True
bi0317,b010,v0311,1,True
bi0318,b010,v0312,2,True
bi0319,b010,v0313,3,True
bi0320,b010,v0314,4,True
bi0321,b010,v0315,5,True
bi0322,b010,v0316,6,True
bi0323,b010,v0317,7,True
bi0324,b010,v0169,8,True
bi0325,b010,v0318,9,True
bi0326,b010,v0319,10,True
bi0327,b010,v0320,11,True
bi0328,b010,v0219,12,True
bi0329,b010,v0321,13,True
bi0330,b010,v0225,14,True
bi0331,b010,v0322,15,True
bi0332,b010,v0323,16,True
bi0333,b010,v0324,17,True
bi0334,b010,v0325,18,True
bi0335,b010,v0215,19,True
bi0336,b010,v0326,20,True
bi0337,b010,v0327,21,True
bi0338,b010,v0328,22,True
bi0339,b010,v0329,23,True
bi0340,b010,v0330,24,True
bi0341,b010,v0331,25,True
bi0342,b010,v0332,26,True
bi0343,b010,v0333,27,True
bi0344,b010,v0334,28,True
bi0345,b010,v0335,29,True
bi0346,b010,v0336,30,True
bi0347,b010,v0043,31,True
bi0348,b010,v0337,32,True
bi0349,b010,v0338,33,True
bi0350,b010,v0339,34,True
bi0351,b010,v0340,35,True
bi0352,b010,v0341,36,True
bi0353,b010,v0342,37,True
bi0354,b010,v0343,38,True
bi0355,b010,v0344,39,True
bi0356,b010,v0345,40,True
bi0357,b010,v0346,41,True
bi0358,b010,v0347,42,True
bi0359,b010,v0074,43,True
bi0360,b010,v0348,44,True
bi0361,b010,v0349,45,True
bi0362,b010,v0248,46,True
bi0363,b011,v0350,1,True
bi0364,b011,v0351,2,True
bi0365,b011,v0352,3,True
bi0366,b011,v0353,4,True
bi0367,b011,v0354,5,True
bi0368,b011,v0355,6,True
bi0369,b011,v0356,7,True
bi0370,b011,v0357,8,True
bi0371,b011,v0358,9,True
bi0372,b011,v0359,10,True
bi0373,b011,v0360,11,True
bi0374,b011,v0361,12,True
bi0375,b011,v0362,13,True
bi0376,b012,v0363,1,True
bi0377,b012,v0364,2,True
bi0378,b012,v0365,3,True
bi0379,b012,v0366,4,True
bi0380,b012,v0367,5,True
bi0381,b012,v0368,6,True
bi0382,b012,v0369,7,True
bi0383,b012,v0370,8,True
bi0384,b012,v0371,9,True
bi0385,b012,v0372,10,True
bi0386,b012,v0373,11,True
bi0387,b012,v0374,12,True
bi0388,b012,v0375,13,True
bi0389,b012,v0376,14,True
bi0390,b012,v0377,15,True
bi0391,b012,v0378,16,True
bi0392,b012,v0379,17,True
bi0393,b012,v0380,18,True
bi0394,b012,v0381,19,True
bi0395,b012,v0382,20,True
bi0396,b012,v0383,21,True
bi0397,b012,v0384,22,True
bi0398,b012,v0385,23,True
bi0399,b012,v0386,24,True
bi0400,b012,v0387,25,True
bi0401,b012,v0388,26,True
bi0402,b012,v0389,27,True
bi0403,b012,v0390,28,True
bi0404,b012,v0391,29,True
bi0405,b012,v0392,30,True
bi0406,b013,v0393,1,True
bi0407,b013,v0394,2,True
bi0408,b013,v0395,3,True
bi0409,b013,v0396,4,True
bi0410,b013,v0397,5,True
bi0411,b013,v0398,6,True
bi0412,b013,v0399,7,True
bi0413,b013,v0400,8,True
bi0414,b013,v0401,9,True
bi0415,b013,v0402,10,True
bi0416,b013,v0403,11,True
bi0417,b013,v0404,12,True
bi0418,b013,v0405,13,True
bi0419,b013,v0406,14,True
bi0420,b013,v0407,15,True
bi0421,b013,v0408,16,True
bi0422,b013,v0409,17,True
bi0423,b013,v0410,18,True
bi0424,b013,v0411,19,True
bi0425,b013,v0412,20,True
bi0426,b014,v0413,1,True
bi0427,b014,v0414,2,True
bi0428,b014,v0415,3,True
bi0429,b014,v0416,4,True
bi0430,b014,v0417,5,True
bi0431,b014,v0418,6,True
bi0432,b014,v0419,7,True
bi0433,b014,v0420,8,True
bi0434,b014,v0421,9,True
bi0435,b014,v0422,10,True
bi0436,b014,v0423,11,True
bi0437,b014,v0424,12,True
bi0438,b014,v0425,13,True
bi0439,b014,v0426,14,True
bi0440,b014,v0427,15,True
bi0441,b014,v0428,16,True
bi0442,b014,v0429,17,True
bi0443,b014,v0415,18,True
bi0444,b014,v0430,19,True
bi0445,b014,v0431,20,True
bi0446,b014,v0432,21,True
bi0447,b014,v0433,22,True
bi0448,b014,v0434,23,True
bi0449,b014,v0435,24,True
bi0450,b014,v0436,25,True
bi0451,b029,v0437,1,True
bi0452,b029,v0438,2,True
bi0453,b029,v0439,3,True
bi0454,b029,v0440,4,True
bi0455,b029,v0441,5,True
bi0456,b029,v0442,6,True
bi0457,b029,v0443,7,True
bi0458,b029,v0444,8,True
bi0459,b029,v0445,9,True
bi0460,b029,v0446,10,True
bi0461,b029,v0447,11,True
bi0462,b029,v0448,12,True
bi0463,b029,v0449,13,True
bi0464,b029,v0450,14,True
bi0465,b029,v0451,15,True
bi0466,b029,v0452,16,True
bi0467,b029,v0453,17,True
bi0468,b029,v0454,18,True
bi0469,b029,v0455,19,True
bi0470,b029,v0456,20,True
bi0471,b029,v0457,21,True
bi0472,b029,v0458,22,True
bi0473,b029,v0459,23,True
bi0474,b029,v0460,24,True
bi0475,b029,v0461,25,True
bi0476,b029,v0462,26,True
bi0477,b029,v0463,27,True
bi0478,b029,v0464,28,True
bi0479,b029,v0465,29,True
bi0480,b029,v0466,30,True
bi0481,b029,v0467,31,True
bi0482,b029,v0468,32,True
bi0483,b029,v0469,33,True
bi0484,b029,v0470,34,True
bi0485,b029,v0471,35,True
bi0486,b029,v0472,36,True
bi0487,b029,v0473,37,True
bi0488,b029,v0474,38,True
bi0489,b029,v0475,39,True
bi0490,b029,v0476,40,True
bi0491,b029,v0477,41,True
bi0492,b029,v0478,42,True
bi0493,b029,v0479,43,True
bi0494,b029,v0480,44,True
bi0495,b029,v0481,45,True
bi0496,b029,v0482,46,True
bi0497,b029,v0483,47,True
bi0498,b029,v0484,48,True
bi0499,b029,v0485,49,True
bi0500,b029,v0486,50,True
bi0501,b029,v0487,51,True
bi0502,b029,v0488,52,True
bi0503,b029,v0489,53,True
bi0504,b029,v0490,54,True
bi0505,b029,v0491,55,True
bi0506,b029,v0492,56,True
bi0507,b029,v0493,57,True
bi0508,b029,v0494,58,True
bi0509,b029,v0495,59,True
bi0510,b029,v0496,60,True
bi0511,b030,v0497,1,True
bi0512,b030,v0498,2,True
bi0513,b030,v0499,3,True
bi0514,b030,v0500,4,True
bi0515,b030,v0501,5,True
bi0516,b030,v0502,6,True
bi0517,b030,v0503,7,True
bi0518,b030,v0504,8,True
bi0519,b030,v0505,9,True
bi0520,b030,v0506,10,True
bi0521,b030,v0507,11,True
bi0522,b030,v0508,12,True
bi0523,b030,v0509,13,True
bi0524,b030,v0510,14,True
bi0525,b030,v0511,15,True
bi0526,b030,v0512,16,True
bi0527,b030,v0513,17,True
bi0528,b030,v0514,18,True
bi0529,b030,v0515,19,True
bi0530,b030,v0516,20,True
bi0531,b030,v0517,21,True
bi0532,b030,v0518,22,True
bi0533,b030,v0519,23,True
bi0534,b030,v0520,24,True
bi0535,b030,v0521,25,True
bi0536,b030,v0522,26,True
bi0537,b030,v0523,27,True
bi0538,b030,v0524,28,True
bi0539,b030,v0525,29,True
bi0540,b030,v0526,30,True
bi0541,b030,v0527,31,True
bi0542,b030,v0528,32,True
bi0543,b030,v0529,33,True
bi0544,b030,v0530,34,True
bi0545,b030,v0531,35,True
bi0546,b030,v0532,36,True
bi0547,b030,v0533,37,True
bi0548,b030,v0534,38,True
bi0549,b030,v0535,39,True
bi0550,b030,v0536,40,True
bi0551,b030,v0537,41,True
bi0552,b030,v0538,42,True
bi0553,b030,v0539,43,True
bi0554,b030,v0540,44,True
bi0555,b030,v0541,45,True
bi0556,b030,v0542,46,True
bi0557,b030,v0543,47,True
bi0558,b030,v0544,48,True
bi0559,b030,v0545,49,True
bi0560,b030,v0546,50,True
bi0561,b030,v0547,51,True
bi0562,b030,v0548,52,True
bi0563,b030,v0549,53,True
bi0564,b030,v0550,54,True
bi0565,b030,v0551,55,True
bi0566,b030,v0552,56,True
bi0567,b030,v0553,57,True
bi0568,b030,v0554,58,True
bi0569,b030,v0555,59,True
bi0570,b030,v0556,60,True
bi0571,b031,v0557,1,True
bi0572,b031,v0558,2,True
bi0573,b031,v0559,3,True
bi0574,b031,v0560,4,True
bi0575,b031,v0561,5,True
bi0576,b031,v0562,6,True
bi0577,b031,v0563,7,True
bi0578,b031,v0564,8,True
bi0579,b031,v0565,9,True
bi0580,b031,v0566,10,True
bi0581,b031,v0567,11,True
bi0582,b031,v0568,12,True
bi0583,b031,v0569,13,True
bi0584,b031,v0570,14,True
bi0585,b031,v0571,15,True
bi0586,b031,v0572,16,True
bi0587,b031,v0573,17,True
bi0588,b031,v0574,18,True
bi0589,b031,v0575,19,True
bi0590,b031,v0576,20,True
bi0591,b031,v0577,21,True
bi0592,b031,v0578,22,True
bi0593,b031,v0579,23,True
bi0594,b031,v0580,24,True
bi0595,b031,v0581,25,True
bi0596,b031,v0582,26,True
bi0597,b031,v0583,27,True
bi0598,b031,v0584,28,True
bi0599,b031,v0585,29,True
bi0600,b031,v0586,30,True
bi0601,b031,v0587,31,True
bi0602,b031,v0588,32,True
bi0603,b031,v0589,33,True
bi0604,b031,v0590,34,True
bi0605,b031,v0591,35,True
bi0606,b031,v0592,36,True
bi0607,b031,v0593,37,True
bi0608,b031,v0594,38,True
bi0609,b031,v0595,39,True
bi0610,b031,v0596,40,True
bi0611,b031,v0597,41,True
bi0612,b031,v0598,42,True
bi0613,b031,v0599,43,True
bi0614,b031,v0600,44,True
bi0615,b031,v0601,45,True
bi0616,b031,v0602,46,True
bi0617,b031,v0603,47,True
bi0618,b031,v0604,48,True
bi0619,b031,v0605,49,True
bi0620,b031,v0606,50,True
bi0621,b031,v0607,51,True
bi0622,b031,v0608,52,True
bi0623,b031,v0609,53,True
bi0624,b031,v0610,54,True
bi0625,b031,v0611,55,True
bi0626,b031,v0612,56,True
bi0627,b031,v0613,57,True
bi0628,b031,v0614,58,True
bi0629,b031,v0615,59,True
bi0630,b031,v0616,60,True
bi0631,b032,v0617,1,True
bi0632,b032,v0618,2,True
bi0633,b032,v0619,3,True
bi0634,b032,v0620,4,True
bi0635,b032,v0621,5,True
bi0636,b032,v0622,6,True
bi0637,b032,v0623,7,True
bi0638,b032,v0624,8,True
bi0639,b032,v0625,9,True
bi0640,b032,v0626,10,True
bi0641,b032,v0627,11,True
bi0642,b032,v0628,12,True
bi0643,b032,v0629,13,True
bi0644,b032,v0630,14,True
bi0645,b032,v0631,15,True
bi0646,b032,v0632,16,True
bi0647,b032,v0633,17,True
bi0648,b032,v0634,18,True
bi0649,b032,v0635,19,True
bi0650,b032,v0636,20,True
bi0651,b032,v0637,21,True
bi0652,b032,v0638,22,True
bi0653,b032,v0639,23,True
bi0654,b032,v0640,24,True
bi0655,b032,v0641,25,True
bi0656,b032,v0642,26,True
bi0657,b032,v0643,27,True
bi0658,b032,v0644,28,True
bi0659,b032,v0645,29,True
bi0660,b032,v0646,30,True
bi0661,b032,v0647,31,True
bi0662,b032,v0648,32,True
bi0663,b032,v0649,33,True
bi0664,b032,v0650,34,True
bi0665,b032,v0651,35,True
bi0666,b032,v0652,36,True
bi0667,b032,v0653,37,True
bi0668,b032,v0654,38,True
bi0669,b032,v0655,39,True
bi0670,b032,v0656,40,True
bi0671,b032,v0657,41,True
bi0672,b032,v0658,42,True
bi0673,b032,v0659,43,True
bi0674,b032,v0660,44,True
bi0675,b032,v0661,45,True
bi0676,b032,v0662,46,True
bi0677,b032,v0663,47,True
bi0678,b032,v0664,48,True
bi0679,b032,v0665,49,True
bi0680,b032,v0666,50,True
bi0681,b032,v0667,51,True
bi0682,b032,v0668,52,True
bi0683,b032,v0669,53,True
bi0684,b032,v0670,54,True
bi0685,b032,v0671,55,True
bi0686,b032,v0672,56,True
bi0687,b032,v0673,57,True
bi0688,b032,v0674,58,True
bi0689,b032,v0675,59,True
bi0690,b032,v0676,60,True
bi0691,b033,v0677,1,True
bi0692,b033,v0678,2,True
bi0693,b033,v0679,3,True
bi0694,b033,v0680,4,True
bi0695,b033,v0681,5,True
bi0696,b033,v0682,6,True
bi0697,b033,v0683,7,True
bi0698,b033,v0684,8,True
bi0699,b033,v0685,9,True
bi0700,b033,v0686,10,True
bi0701,b033,v0687,11,True
bi0702,b033,v0688,12,True
bi0703,b033,v0689,13,True
bi0704,b033,v0690,14,True
bi0705,b033,v0691,15,True
bi0706,b033,v0692,16,True
bi0707,b033,v0693,17,True
bi0708,b033,v0694,18,True
bi0709,b033,v0695,19,True
bi0710,b033,v0696,20,True
bi0711,b033,v0697,21,True
bi0712,b033,v0698,22,True
bi0713,b033,v0699,23,True
bi0714,b033,v0700,24,True
bi0715,b033,v0701,25,True
bi0716,b033,v0702,26,True
bi0717,b033,v0703,27,True
bi0718,b033,v0704,28,True
bi0719,b033,v0705,29,True
bi0720,b033,v0706,30,True
bi0721,b033,v0707,31,True
bi0722,b033,v0708,32,True
bi0723,b033,v0709,33,True
bi0724,b033,v0710,34,True
bi0725,b033,v0711,35,True
bi0726,b033,v0712,36,True
bi0727,b033,v0713,37,True
bi0728,b033,v0714,38,True
bi0729,b033,v0715,39,True
bi0730,b033,v0716,40,True
bi0731,b033,v0717,41,True
bi0732,b033,v0718,42,True
bi0733,b033,v0719,43,True
bi0734,b033,v0720,44,True
bi0735,b033,v0721,45,True
bi0736,b033,v0722,46,True
bi0737,b033,v0723,47,True
bi0738,b033,v0724,48,True
bi0739,b033,v0725,49,True
bi0740,b033,v0726,50,True
bi0741,b034,v0727,1,True
bi0742,b034,v0728,2,True
bi0743,b034,v0729,3,True
bi0744,b034,v0730,4,True
bi0745,b034,v0731,5,True
bi0746,b034,v0732,6,True
bi0747,b034,v0733,7,True
bi0748,b034,v0734,8,True
bi0749,b034,v0735,9,True
bi0750,b034,v0736,10,True
bi0751,b034,v0737,11,True
bi0752,b034,v0738,12,True
bi0753,b034,v0739,13,True
bi0754,b034,v0740,14,True
bi0755,b034,v0741,15,True
bi0756,b034,v0742,16,True
bi0757,b034,v0743,17,True
bi0758,b034,v0744,18,True
bi0759,b034,v0745,19,True
bi0760,b034,v0746,20,True
bi0761,b034,v0747,21,True
bi0762,b034,v0748,22,True
bi0763,b034,v0749,23,True
bi0764,b034,v0750,24,True
bi0765,b034,v0751,25,True
bi0766,b034,v0752,26,True
bi0767,b034,v0753,27,True
bi0768,b034,v0754,28,True
bi0769,b034,v0755,29,True
bi0770,b034,v0756,30,True
bi0771,b034,v0757,31,True
bi0772,b034,v0758,32,True
bi0773,b034,v0759,33,True
bi0774,b034,v0760,34,True
bi0775,b034,v0761,35,True
bi0776,b034,v0762,36,True
bi0777,b034,v0763,37,True
bi0778,b034,v0764,38,True
bi0779,b034,v0765,39,True
bi0780,b034,v0766,40,True
bi0781,b034,v0767,41,True
bi0782,b034,v0768,42,True
bi0783,b034,v0769,43,True
bi0784,b034,v0770,44,True
bi0785,b034,v0771,45,True
bi0786,b034,v0772,46,True
bi0787,b034,v0773,47,True
bi0788,b034,v0774,48,True
bi0789,b034,v0775,49,True
bi0790,b034,v0776,50,True
bi0791,b029,v0777,61,True
bi0792,b029,v0778,62,True
bi0793,b029,v0779,63,True
bi0794,b029,v0780,64,True
bi0795,b029,v0781,65,True
bi0796,b029,v0782,66,True
bi0797,b029,v0783,67,True
bi0798,b029,v0784,68,True
bi0799,b029,v0785,69,True
bi0800,b029,v0786,70,True
bi0801,b029,v0787,71,True
bi0802,b029,v0788,72,True
bi0803,b029,v0789,73,True
bi0804,b029,v0790,74,True
bi0805,b029,v0791,75,True
bi0806,b029,v0792,76,True
bi0807,b029,v0793,77,True
bi0808,b029,v0794,78,True
bi0809,b029,v0795,79,True
bi0810,b029,v0796,80,True
bi0811,b029,v0797,81,True
bi0812,b029,v0798,82,True
bi0813,b029,v0799,83,True
bi0814,b029,v0800,84,True
bi0815,b029,v0801,85,True
bi0816,b029,v0802,86,True
bi0817,b029,v0803,87,True
bi0818,b029,v0804,88,True
bi0819,b029,v0805,89,True
bi0820,b029,v0806,90,True
bi0821,b029,v0807,91,True
bi0822,b029,v0808,92,True
bi0823,b029,v0809,93,True
bi0824,b029,v0810,94,True
bi0825,b029,v0811,95,True
bi0826,b029,v0812,96,True
bi0827,b029,v0813,97,True
bi0828,b029,v0814,98,True
bi0829,b029,v0815,99,True
bi0830,b029,v0816,100,True
bi0831,b029,v0817,101,True
bi0832,b029,v0818,102,True
bi0833,b029,v0819,103,True
bi0834,b029,v0820,104,True
bi0835,b029,v0821,105,True
bi0836,b029,v0822,106,True
bi0837,b029,v0823,107,True
bi0838,b029,v0824,108,True
bi0839,b029,v0825,109,True
bi0840,b029,v0826,110,True
bi0841,b029,v0827,111,True
bi0842,b029,v0828,112,True
bi0843,b029,v0829,113,True
bi0844,b029,v0830,114,True
bi0845,b029,v0831,115,True
bi0846,b029,v0832,116,True
bi0847,b029,v0833,117,True
bi0848,b029,v0834,118,True
bi0849,b029,v0835,119,True
bi0850,b029,v0836,120,True
bi0851,b035,v0837,1,True
bi0852,b035,v0838,2,True
bi0853,b035,v0839,3,True
bi0854,b035,v0840,4,True
bi0855,b035,v0841,5,True
bi0856,b035,v0842,6,True
bi0857,b035,v0843,7,True
bi0858,b035,v0844,8,True
bi0859,b035,v0845,9,True
bi0860,b035,v0846,10,True
bi0861,b035,v0847,11,True
bi0862,b035,v0848,12,True
bi0863,b035,v0849,13,True
bi0864,b035,v0850,14,True
bi0865,b035,v0851,15,True
bi0866,b035,v0852,16,True
bi0867,b035,v0853,17,True
bi0868,b035,v0854,18,True
bi0869,b035,v0855,19,True
bi0870,b035,v0856,20,True
bi0871,b035,v0857,21,True
bi0872,b035,v0858,22,True
bi0873,b035,v0859,23,True
bi0874,b035,v0860,24,True
bi0875,b035,v0861,25,True
bi0876,b035,v0862,26,True
bi0877,b035,v0863,27,True
bi0878,b035,v0864,28,True
bi0879,b035,v0865,29,True
bi0880,b035,v0866,30,True
bi0881,b035,v0867,31,True
bi0882,b035,v0868,32,True
bi0883,b035,v0869,33,True
bi0884,b035,v0870,34,True
bi0885,b035,v0871,35,True
bi0886,b035,v0872,36,True
bi0887,b035,v0873,37,True
bi0888,b035,v0874,38,True
bi0889,b035,v0875,39,True
bi0890,b035,v0876,40,True
bi0891,b035,v0877,41,True
bi0892,b035,v0878,42,True
bi0893,b035,v0879,43,True
bi0894,b035,v0880,44,True
bi0895,b035,v0881,45,True
bi0896,b035,v0882,46,True
bi0897,b035,v0883,47,True
bi0898,b035,v0884,48,True
bi0899,b035,v0885,49,True
bi0900,b035,v0886,50,True
bi0901,b035,v0887,51,True
bi0902,b035,v0888,52,True
bi0903,b035,v0889,53,True
bi0904,b035,v0890,54,True
bi0905,b035,v0891,55,True
bi0906,b035,v0892,56,True
bi0907,b035,v0893,57,True
bi0908,b035,v0894,58,True
bi0909,b035,v0895,59,True
bi0910,b035,v0896,60,True
bi0911,b035,v0897,61,True
bi0912,b035,v0898,62,True
bi0913,b035,v0899,63,True
bi0914,b035,v0900,64,True
bi0915,b035,v0901,65,True
bi0916,b035,v0902,66,True
bi0917,b035,v0903,67,True
bi0918,b035,v0904,68,True
bi0919,b035,v0905,69,True
bi0920,b035,v0906,70,True
bi0921,b035,v0907,71,True
bi0922,b035,v0908,72,True
bi0923,b035,v0909,73,True
bi0924,b035,v0910,74,True
bi0925,b035,v0911,75,True
bi0926,b035,v0912,76,True
bi0927,b035,v0913,77,True
bi0928,b035,v0914,78,True
bi0929,b035,v0915,79,True
bi0930,b035,v0916,80,True
bi0931,b033,v0917,51,True
bi0932,b033,v0918,52,True
bi0933,b033,v0919,53,True
bi0934,b033,v0920,54,True
bi0935,b033,v0921,55,True
bi0936,b033,v0922,56,True
bi0937,b033,v0923,57,True
bi0938,b033,v0924,58,True
bi0939,b033,v0925,59,True
bi0940,b033,v0926,60,True
bi0941,b033,v0927,61,True
bi0942,b033,v0928,62,True
bi0943,b033,v0929,63,True
bi0944,b033,v0930,64,True
bi0945,b033,v0931,65,True
bi0946,b033,v0932,66,True
bi0947,b033,v0933,67,True
bi0948,b033,v0934,68,True
bi0949,b033,v0935,69,True
bi0950,b033,v0936,70,True
bi0951,b033,v0937,71,True
bi0952,b033,v0938,72,True
bi0953,b033,v0939,73,True
bi0954,b033,v0940,74,True
bi0955,b033,v0941,75,True
bi0956,b033,v0942,76,True
bi0957,b033,v0943,77,True
bi0958,b033,v0944,78,True
bi0959,b033,v0945,79,True
bi0960,b033,v0946,80,True
bi0961,b033,v0947,81,True
bi0962,b033,v0948,82,True
bi0963,b033,v0949,83,True
bi0964,b033,v0950,84,True
bi0965,b033,v0951,85,True
bi0966,b033,v0952,86,True
bi0967,b033,v0953,87,True
bi0968,b033,v0954,88,True
bi0969,b033,v0955,89,True
bi0970,b033,v0956,90,True
bi0971,b033,v0957,91,True
bi0972,b033,v0958,92,True
bi0973,b033,v0959,93,True
bi0974,b033,v0960,94,True
bi0975,b033,v0961,95,True
bi0976,b033,v0962,96,True
bi0977,b033,v0963,97,True
bi0978,b033,v0964,98,True
bi0979,b033,v0965,99,True
bi0980,b033,v0966,100,True
bi0981,b036,v0967,1,True
bi0982,b036,v0968,2,True
bi0983,b036,v0969,3,True
bi0984,b036,v0970,4,True
bi0985,b036,v0971,5,True
bi0986,b036,v0972,6,True
bi0987,b036,v0973,7,True
bi0988,b036,v0974,8,True
bi0989,b036,v0975,9,True
bi0990,b036,v0976,10,True
bi0991,b036,v0977,11,True
bi0992,b036,v0978,12,True
bi0993,b036,v0979,13,True
bi0994,b036,v0980,14,True
bi0995,b036,v0981,15,True
bi0996,b036,v0982,16,True
bi0997,b036,v0983,17,True
bi0998,b036,v0984,18,True
bi0999,b036,v0985,19,True
bi1000,b036,v0986,20,True
bi1001,b036,v0987,21,True
bi1002,b036,v0988,22,True
bi1003,b036,v0989,23,True
bi1004,b036,v0990,24,True
bi1005,b036,v0991,25,True
bi1006,b037,v0992,1,True
bi1007,b037,v0993,2,True
bi1008,b037,v0994,3,True
bi1009,b037,v0995,4,True
bi1010,b037,v0996,5,True
bi1011,b037,v0997,6,True
bi1012,b037,v0998,7,True
bi1013,b037,v0999,8,True
bi1014,b037,v1000,9,True
bi1015,b037,v1001,10,True
bi1016,b037,v1002,11,True
bi1017,b037,v1003,12,True
bi1018,b037,v1004,13,True
bi1019,b037,v1005,14,True
bi1020,b037,v1006,15,True
bi1021,b037,v1007,16,True
bi1022,b037,v1008,17,True
bi1023,b037,v1009,18,True
bi1024,b037,v1010,19,True
bi1025,b037,v1011,20,True
bi1026,b037,v1012,21,True
bi1027,b037,v1013,22,True
bi1028,b037,v1014,23,True
bi1029,b037,v1015,24,True
bi1030,b037,v1016,25,True
bi1031,b037,v1017,26,True
bi1032,b037,v1018,27,True
bi1033,b037,v1019,28,True
bi1034,b037,v1020,29,True
bi1035,b037,v1021,30,True
bi1036,b037,v1022,31,True
bi1037,b037,v1023,32,True
bi1038,b037,v1024,33,True
bi1039,b037,v1025,34,True
bi1040,b037,v1026,35,True
bi1041,b037,v1027,36,True
bi1042,b037,v1028,37,True
bi1043,b037,v1029,38,True
bi1044,b037,v1030,39,True
bi1045,b037,v1031,40,True
bi1046,b037,v1032,41,True
bi1047,b037,v1033,42,True
bi1048,b037,v1034,43,True
bi1049,b037,v1035,44,True
bi1050,b037,v1036,45,True
bi1051,b037,v1037,46,True
bi1052,b037,v1038,47,True
bi1053,b037,v1039,48,True
bi1054,b037,v1040,49,True
bi1055,b037,v1041,50,True
bi1056,b034,v1042,51,True
bi1057,b034,v1043,52,True
bi1058,b034,v1044,53,True
bi1059,b034,v1045,54,True
bi1060,b034,v1046,55,True
bi1061,b034,v1047,56,True
bi1062,b034,v1048,57,True
bi1063,b034,v1049,58,True
bi1064,b034,v1050,59,True
bi1065,b034,v1051,60,True
bi1066,b034,v1052,61,True
bi1067,b034,v1053,62,True
bi1068,b034,v1054,63,True
bi1069,b034,v1055,64,True
bi1070,b034,v1056,65,True
bi1071,b034,v1057,66,True
bi1072,b034,v1058,67,True
bi1073,b034,v1059,68,True
bi1074,b034,v1060,69,True
bi1075,b034,v1061,70,True
bi1076,b034,v1062,71,True
bi1077,b034,v1063,72,True
bi1078,b034,v1064,73,True
bi1079,b034,v1065,74,True
bi1080,b034,v1066,75,True
bi1081,b034,v1067,76,True
bi1082,b034,v1068,77,True
bi1083,b034,v1069,78,True
bi1084,b034,v1070,79,True
bi1085,b034,v1071,80,True
bi1086,b034,v1072,81,True
bi1087,b034,v1073,82,True
bi1088,b034,v1074,83,True
bi1089,b034,v1075,84,True
bi1090,b034,v1076,85,True
bi1091,b034,v1077,86,True
bi1092,b034,v1078,87,True
bi1093,b034,v1079,88,True
bi1094,b034,v1080,89,True
bi1095,b034,v1081,90,True
bi1096,b034,v1082,91,True
bi1097,b034,v1083,92,True
bi1098,b034,v1084,93,True
bi1099,b034,v1085,94,True
bi1100,b034,v1086,95,True
bi1101,b034,v1087,96,True
bi1102,b034,v1088,97,True
bi1103,b034,v1089,98,True
bi1104,b034,v1090,99,True
bi1105,b034,v1091,100,True
bi1106,b031,v1092,61,True
bi1107,b031,v1093,62,True
bi1108,b031,v1094,63,True
bi1109,b031,v1095,64,True
bi1110,b031,v1096,65,True
bi1111,b031,v1097,66,True
bi1112,b031,v1098,67,True
bi1113,b031,v1099,68,True
bi1114,b031,v1100,69,True
bi1115,b031,v1101,70,True
bi1116,b031,v1102,71,True
bi1117,b031,v1103,72,True
bi1118,b031,v1104,73,True
bi1119,b031,v1105,74,True
bi1120,b031,v1106,75,True
bi1121,b031,v1107,76,True
bi1122,b031,v1108,77,True
bi1123,b031,v1109,78,True
bi1124,b031,v1110,79,True
bi1125,b031,v1111,80,True
bi1126,b031,v1112,81,True
bi1127,b031,v1113,82,True
bi1128,b031,v1114,83,True
bi1129,b031,v1115,84,True
bi1130,b031,v1116,85,True
bi1131,b031,v1117,86,True
bi1132,b031,v1118,87,True
bi1133,b031,v1119,88,True
bi1134,b031,v1120,89,True
bi1135,b031,v1121,90,True
bi1136,b031,v1122,91,True
bi1137,b031,v1123,92,True
bi1138,b031,v1124,93,True
bi1139,b031,v1125,94,True
bi1140,b031,v1126,95,True
bi1141,b031,v1127,96,True
bi1142,b031,v1128,97,True
bi1143,b031,v1129,98,True
bi1144,b031,v1130,99,True
bi1145,b031,v1131,100,True
bi1146,b031,v1132,101,True
bi1147,b031,v1133,102,True
bi1148,b031,v1134,103,True
bi1149,b031,v1135,104,True
bi1150,b031,v1136,105,True
bi1151,b031,v1137,106,True
bi1152,b031,v1138,107,True
bi1153,b031,v1139,108,True
bi1154,b031,v1140,109,True
bi1155,b031,v1141,110,True
bi1156,b031,v1142,111,True
bi1157,b031,v1143,112,True
bi1158,b031,v1144,113,True
bi1159,b031,v1145,114,True
bi1160,b031,v1146,115,True
bi1161,b031,v1147,116,True
bi1162,b031,v1148,117,True
bi1163,b031,v1149,118,True
bi1164,b031,v1150,119,True
bi1165,b031,v1151,120,True
bi1166,b038,v1152,1,True
bi1167,b038,v1153,2,True
bi1168,b038,v1154,3,True
bi1169,b038,v1155,4,True
bi1170,b038,v1156,5,True
bi1171,b038,v1157,6,True
bi1172,b038,v1158,7,True
bi1173,b038,v1159,8,True
bi1174,b038,v1160,9,True
bi1175,b038,v1161,10,True
bi1176,b038,v1162,11,True
bi1177,b038,v1163,12,True
bi1178,b038,v1164,13,True
bi1179,b038,v1165,14,True
bi1180,b038,v1166,15,True
bi1181,b038,v1167,16,True
bi1182,b038,v1168,17,True
bi1183,b038,v1169,18,True
bi1184,b038,v1170,19,True
bi1185,b038,v1171,20,True
bi1186,b038,v1172,21,True
bi1187,b038,v1173,22,True
bi1188,b038,v1174,23,True
bi1189,b038,v1175,24,True
bi1190,b038,v1176,25,True
bi1191,b038,v1177,26,True
bi1192,b038,v1178,27,True
bi1193,b038,v1179,28,True
bi1194,b038,v1180,29,True
bi1195,b038,v1181,30,True
bi1196,b038,v1182,31,True
bi1197,b038,v1183,32,True
bi1198,b038,v1184,33,True
bi1199,b038,v1185,34,True
bi1200,b038,v1186,35,True
bi1201,b038,v1187,36,True
bi1202,b038,v1188,37,True
bi1203,b038,v1189,38,True
bi1204,b038,v1190,39,True
bi1205,b038,v1191,40,True
bi1206,b038,v1192,41,True
bi1207,b038,v1193,42,True
bi1208,b038,v1194,43,True
bi1209,b038,v1195,44,True
bi1210,b038,v1196,45,True
bi1211,b038,v1197,46,True
bi1212,b038,v1198,47,True
bi1213,b038,v1199,48,True
bi1214,b038,v1200,49,True
bi1215,b038,v1201,50,True
bi1216,b038,v1202,51,True
bi1217,b038,v1203,52,True
bi1218,b038,v1204,53,True
bi1219,b038,v1205,54,True
bi1220,b038,v1206,55,True
bi1221,b038,v1207,56,True
bi1222,b038,v1208,57,True
bi1223,b038,v1209,58,True
bi1224,b038,v1210,59,True
bi1225,b038,v1211,60,True
bi1226,b038,v1212,61,True
bi1227,b038,v1213,62,True
bi1228,b038,v1214,63,True
bi1229,b038,v1215,64,True
bi1230,b038,v1216,65,True
bi1231,b038,v1217,66,True
bi1232,b038,v1218,67,True
bi1233,b038,v1219,68,True
bi1234,b038,v1220,69,True
bi1235,b038,v1221,70,True
bi1236,b032,v1222,61,True
bi1237,b032,v1223,62,True
bi1238,b032,v1224,63,True
bi1239,b032,v1225,64,True
bi1240,b032,v1226,65,True
bi1241,b032,v1227,66,True
bi1242,b032,v1228,67,True
bi1243,b032,v1229,68,True
bi1244,b032,v1230,69,True
bi1245,b032,v1231,70,True
bi1246,b032,v1232,71,True
bi1247,b032,v1233,72,True
bi1248,b032,v1234,73,True
bi1249,b032,v1235,74,True
bi1250,b032,v1236,75,True
bi1251,b032,v1237,76,True
bi1252,b032,v1238,77,True
bi1253,b032,v1239,78,True
bi1254,b032,v1240,79,True
bi1255,b032,v1241,80,True
bi1256,b032,v1242,81,True
bi1257,b032,v1243,82,True
bi1258,b032,v1244,83,True
bi1259,b032,v1245,84,True
bi1260,b032,v1246,85,True
bi1261,b032,v1247,86,True
bi1262,b032,v1248,87,True
bi1263,b032,v1249,88,True
bi1264,b032,v1250,89,True
bi1265,b032,v1251,90,True
bi1266,b032,v1252,91,True
bi1267,b032,v1253,92,True
bi1268,b032,v1254,93,True
bi1269,b032,v1255,94,True
bi1270,b032,v1256,95,True
bi1271,b032,v1257,96,True
bi1272,b032,v1258,97,True
bi1273,b032,v1259,98,True
bi1274,b032,v1260,99,True
bi1275,b032,v1261,100,True
bi1276,b032,v1262,101,True
bi1277,b032,v1263,102,True
bi1278,b032,v1264,103,True
bi1279,b032,v1265,104,True
bi1280,b032,v1266,105,True
bi1281,b032,v1267,106,True
bi1282,b032,v1268,107,True
bi1283,b032,v1269,108,True
bi1284,b032,v1270,109,True
bi1285,b032,v1271,110,True
bi1286,b032,v1272,111,True
bi1287,b032,v1273,112,True
bi1288,b032,v1274,113,True
bi1289,b032,v1275,114,True
bi1290,b032,v1276,115,True
bi1291,b032,v1277,116,True
bi1292,b032,v1278,117,True
bi1293,b032,v1279,118,True
bi1294,b032,v1280,119,True
bi1295,b032,v1281,120,True
bi1296,b039,v1282,1,True
bi1297,b039,v1283,2,True
bi1298,b039,v1284,3,True
bi1299,b039,v1285,4,True
bi1300,b039,v1286,5,True
bi1301,b039,v1287,6,True
bi1302,b039,v1288,7,True
bi1303,b039,v1289,8,True
bi1304,b039,v1290,9,True
bi1305,b039,v1291,10,True
bi1306,b039,v1292,11,True
bi1307,b039,v1293,12,True
bi1308,b039,v1294,13,True
bi1309,b039,v1295,14,True
bi1310,b039,v1296,15,True
bi1311,b039,v1297,16,True
bi1312,b039,v1298,17,True
bi1313,b039,v1299,18,True
bi1314,b039,v1300,19,True
bi1315,b039,v1301,20,True
bi1316,b039,v1302,21,True
bi1317,b039,v1303,22,True
bi1318,b039,v1304,23,True
bi1319,b039,v1305,24,True
bi1320,b039,v1306,25,True
bi1321,b039,v1307,26,True
bi1322,b039,v1308,27,True
bi1323,b039,v1309,28,True
bi1324,b039,v1310,29,True
bi1325,b039,v1311,30,True
bi1326,b039,v1312,31,True
bi1327,b039,v1313,32,True
bi1328,b039,v1314,33,True
bi1329,b039,v1315,34,True
bi1330,b039,v1316,35,True
bi1331,b039,v1317,36,True
bi1332,b039,v1318,37,True
bi1333,b039,v1319,38,True
bi1334,b039,v1320,39,True
bi1335,b039,v1321,40,True
bi1336,b039,v1322,41,True
bi1337,b039,v1323,42,True
bi1338,b039,v1324,43,True
bi1339,b039,v1325,44,True
bi1340,b039,v1326,45,True
bi1341,b039,v1327,46,True
bi1342,b039,v1328,47,True
bi1343,b039,v1329,48,True
bi1344,b039,v1330,49,True
bi1345,b039,v1331,50,True
bi1346,b030,v1332,61,True
bi1347,b030,v1333,62,True
bi1348,b030,v1334,63,True
bi1349,b030,v1335,64,True
bi1350,b030,v1336,65,True
bi1351,b030,v1337,66,True
bi1352,b030,v1338,67,True
bi1353,b030,v1339,68,True
bi1354,b030,v1340,69,True
bi1355,b030,v1341,70,True
bi1356,b030,v1342,71,True
bi1357,b030,v1343,72,True
bi1358,b030,v1344,73,True
bi1359,b030,v1345,74,True
bi1360,b030,v1346,75,True
bi1361,b030,v1347,76,True
bi1362,b030,v1348,77,True
bi1363,b030,v1349,78,True
bi1364,b030,v1350,79,True
bi1365,b030,v1351,80,True
bi1366,b030,v1352,81,True
bi1367,b030,v1353,82,True
bi1368,b030,v1354,83,True
bi1369,b030,v1355,84,True
bi1370,b030,v1356,85,True
bi1371,b030,v1357,86,True
bi1372,b030,v1358,87,True
bi1373,b030,v1359,88,True
bi1374,b030,v1360,89,True
bi1375,b030,v1361,90,True
bi1376,b030,v1362,91,True
bi1377,b030,v1363,92,True
bi1378,b030,v1364,93,True
bi1379,b030,v1365,94,True
bi1380,b030,v1366,95,True
bi1381,b030,v1367,96,True
bi1382,b030,v1368,97,True
bi1383,b030,v1369,98,True
bi1384,b030,v1370,99,True
bi1385,b030,v1371,100,True
bi1386,b030,v1372,101,True
bi1387,b030,v1373,102,True
bi1388,b030,v1374,103,True
bi1389,b030,v1375,104,True
bi1390,b030,v1376,105,True
bi1391,b030,v1377,106,True
bi1392,b030,v1378,107,True
bi1393,b030,v1379,108,True
bi1394,b030,v1380,109,True
bi1395,b030,v1381,110,True
bi1396,b030,v1382,111,True
bi1397,b030,v1383,112,True
bi1398,b030,v1384,113,True
bi1399,b030,v1385,114,True
bi1400,b030,v1386,115,True
bi1401,b030,v1387,116,True
bi1402,b030,v1388,117,True
bi1403,b030,v1389,118,True
bi1404,b030,v1390,119,True
bi1405,b030,v1391,120,True
